symbol,name,date,entry_price,rsi,mom,score,adx,atr,ma20,ma20_broken,return_pct,exit_reason
2330,台積電,2022-07-08,436.04,39.3,2.98,35,20.1,12.3,451.48,True,5.139,hold_expired
2330,台積電,2022-10-05,417.9,39.0,1.6,35,19.3,10.23,429.93,True,-9.775,stop_loss
2330,台積電,2022-11-01,367.65,39.5,5.53,45,18.5,10.97,377.33,True,4.087,hold_expired
2330,台積電,2024-08-06,855.92,33.4,-6.38,43,26.8,42.1,951.14,True,7.159,hold_expired
2330,台積電,2024-08-08,871.48,41.9,-6.67,38,30.0,42.31,938.54,True,8.594,hold_expired
2330,台積電,2025-03-18,956.72,31.2,0.47,43,18.5,23.02,1003.85,True,-1.339,hold_expired
2330,台積電,2025-04-15,864.11,37.2,7.48,45,21.7,37.86,908.27,True,-6.956,stop_loss
2317,鴻海,2024-08-12,169.83,33.5,4.76,53,36.6,10.34,185.34,True,4.261,hold_expired
2317,鴻海,2025-04-11,129.79,34.8,-12.38,35,44.6,7.82,147.76,True,-1.859,hold_expired
2317,鴻海,2025-04-15,134.61,36.1,11.6,50,40.5,8.41,144.86,True,-2.151,hold_expired
2317,鴻海,2025-04-17,129.79,39.0,8.91,50,34.0,8.55,141.73,True,5.948,hold_expired
2317,鴻海,2025-04-21,131.72,39.9,-1.44,35,31.1,8.0,138.93,True,3.663,hold_expired
2454,聯發科,2022-03-18,714.93,31.8,0.62,48,27.7,29.56,754.8,True,-5.882,hold_expired
2454,聯發科,2022-03-22,719.35,40.5,7.85,48,22.7,27.4,743.85,True,-6.462,stop_loss
2454,聯發科,2022-07-08,528.08,31.1,6.37,50,39.8,25.25,566.95,True,1.69,hold_expired
2454,聯發科,2022-07-12,498.06,35.4,-0.16,35,35.9,23.35,552.51,True,16.612,hold_expired
2454,聯發科,2022-12-23,535.38,31.6,0.0,40,19.4,15.7,567.82,True,-4.697,stop_loss
2454,聯發科,2023-01-03,522.4,33.9,-1.08,38,19.8,15.18,546.53,True,9.783,take_profit
2454,聯發科,2023-01-05,511.85,37.9,-1.1,38,20.4,13.62,539.47,True,9.984,take_profit
2454,聯發科,2023-05-05,547.54,44.1,1.96,38,20.2,15.82,564.13,True,0.741,hold_expired
2454,聯發科,2024-08-08,1050.7,37.8,-5.51,43,38.5,62.8,1170.42,True,12.556,hold_expired
2454,聯發科,2024-08-12,1107.24,41.2,18.57,53,26.8,62.13,1144.27,True,3.83,hold_expired
2454,聯發科,2025-04-11,1332.43,43.4,-3.48,33,20.1,67.0,1361.29,True,-6.137,hold_expired
2454,聯發科,2025-04-15,1332.43,40.7,9.92,48,18.1,69.06,1361.05,True,-3.971,hold_expired
2454,聯發科,2025-10-09,1319.42,32.1,4.67,48,22.5,36.09,1368.72,True,-0.372,hold_expired
2454,聯發科,2025-10-14,1280.18,35.4,-1.14,38,22.0,34.68,1351.55,True,-0.766,hold_expired
2454,聯發科,2026-04-09,1575.0,32.4,5.7,53,24.2,66.43,1620.75,True,13.651,take_profit
2303,聯電,2022-07-08,32.94,34.4,4.34,45,29.2,1.45,35.13,True,-7.431,stop_loss
2303,聯電,2022-07-12,30.49,33.3,-5.53,35,29.1,1.45,34.37,True,16.463,hold_expired
2382,廣達,2022-05-30,62.88,39.1,4.77,40,18.3,1.38,63.27,True,1.896,hold_expired
2382,廣達,2023-08-10,194.56,36.3,-1.41,53,22.2,19.41,209.49,True,19.002,hold_expired
2382,廣達,2023-09-25,208.89,30.3,1.57,43,18.4,9.47,217.53,True,10.398,hold_expired
2382,廣達,2023-11-03,184.85,42.1,-1.48,38,31.3,8.29,197.98,True,4.25,hold_expired
2382,廣達,2024-04-24,248.64,38.8,2.36,53,18.5,10.27,250.76,True,0.576,hold_expired
2382,廣達,2024-04-26,245.77,41.8,6.63,58,22.0,10.95,251.61,True,6.214,hold_expired
2382,廣達,2024-08-12,254.84,39.5,11.48,58,37.4,16.46,267.35,True,5.618,hold_expired
2382,廣達,2024-09-13,242.91,35.5,-0.78,38,20.4,9.2,252.77,True,7.073,hold_expired
2382,廣達,2024-12-03,279.66,44.7,-1.35,35,18.9,8.11,289.2,True,-2.389,hold_expired
2382,廣達,2025-02-07,240.53,37.1,-6.49,43,32.2,8.66,255.94,True,4.96,hold_expired
2382,廣達,2025-04-11,205.69,37.1,-7.51,35,41.8,12.37,225.06,True,3.712,hold_expired
2382,廣達,2025-04-15,217.62,41.5,19.06,45,34.2,13.64,222.3,True,0.877,hold_expired
2382,廣達,2025-11-20,274.0,35.8,-3.86,38,19.5,7.86,289.93,True,4.745,hold_expired
2382,廣達,2025-12-31,272.0,34.4,2.84,43,19.5,5.79,277.48,True,3.125,hold_expired
2881,國泰金,2025-04-15,76.57,38.7,5.9,45,21.3,3.11,79.23,True,-6.303,stop_loss
2881,國泰金,2025-04-17,73.88,37.4,0.38,35,18.4,3.22,78.27,True,-0.503,hold_expired
2882,兆豐金,2024-08-08,54.82,37.0,-7.96,38,21.2,2.36,58.77,True,7.785,hold_expired
2882,兆豐金,2025-04-15,53.11,30.1,3.51,45,33.6,2.21,57.67,True,-6.25,stop_loss
2882,兆豐金,2025-04-21,51.31,32.9,-0.73,35,31.5,2.26,55.43,True,8.133,hold_expired
2883,開發金,2025-04-15,15.19,37.1,7.28,58,31.4,0.73,16.11,True,-4.321,hold_expired
2883,開發金,2025-04-17,14.58,37.1,0.32,48,28.8,0.75,15.87,True,2.251,hold_expired
2883,開發金,2025-04-21,14.68,38.3,-0.32,43,26.6,0.73,15.61,True,5.431,hold_expired
2884,玉山金,2022-05-24,22.92,31.5,2.97,43,22.0,0.7,24.02,True,0.34,hold_expired
2884,玉山金,2022-05-26,22.41,36.5,0.17,43,19.4,0.68,23.69,True,1.91,hold_expired
2885,元大金,2025-04-11,28.08,31.7,-11.92,43,28.5,1.18,31.15,True,-1.65,hold_expired
2885,元大金,2025-04-15,29.19,36.7,5.18,58,27.5,1.25,30.82,True,-5.873,hold_expired
2885,元大金,2025-04-17,28.04,34.6,0.83,43,23.6,1.33,30.36,True,-0.165,hold_expired
2885,元大金,2025-04-21,28.08,35.5,-1.14,38,24.3,1.33,29.9,True,2.64,hold_expired
2886,第一金,2022-05-24,30.08,32.5,2.06,43,18.6,0.83,31.32,True,1.882,hold_expired
2887,富邦金,2022-05-26,12.77,37.2,0.89,35,20.8,0.37,13.31,True,4.425,hold_expired
2887,富邦金,2025-04-15,15.27,37.0,5.9,45,23.1,0.57,15.89,True,-2.167,hold_expired
2887,富邦金,2025-04-17,14.8,35.3,0.32,35,20.7,0.6,15.72,True,3.514,hold_expired
2889,永豐金,2022-07-20,11.04,41.2,2.33,35,26.1,0.32,11.54,True,7.224,hold_expired
2889,永豐金,2025-07-24,15.58,38.2,-0.91,68,31.4,0.67,14.79,False,-6.637,stop_loss
2891,統一,2024-08-08,31.98,36.6,-5.99,38,20.5,1.1,34.03,True,3.704,hold_expired
3008,大立光,2022-04-21,1479.61,30.0,3.34,45,26.8,50.67,1534.88,True,-2.059,hold_expired
3008,大立光,2022-10-05,1548.25,36.9,2.05,48,25.4,55.45,1646.07,True,3.152,hold_expired
3008,大立光,2022-12-05,2031.8,44.2,0.66,63,21.5,62.42,1947.52,False,-1.31,hold_expired
3008,大立光,2024-01-23,2306.64,37.5,-2.52,48,19.8,68.79,2404.09,True,-3.181,hold_expired
3008,大立光,2024-08-06,2502.48,31.6,-7.89,48,22.6,111.18,2730.36,True,2.562,hold_expired
3008,大立光,2024-08-08,2558.4,42.1,-4.36,43,24.5,116.84,2701.23,True,7.341,hold_expired
3008,大立光,2024-08-12,2563.06,44.8,6.8,58,18.7,112.18,2663.72,True,10.096,hold_expired
3008,大立光,2024-09-13,2557.13,31.8,-1.28,38,19.3,119.52,2766.29,True,-7.394,stop_loss
3008,大立光,2024-09-24,2467.33,30.4,-0.57,43,32.4,113.44,2652.14,True,-3.257,hold_expired
3008,大立光,2024-09-26,2467.33,42.9,0.19,43,26.9,102.3,2614.33,True,-6.513,hold_expired
3008,大立光,2025-04-11,1968.59,33.9,-16.94,43,32.7,114.36,2257.43,True,2.948,hold_expired
3008,大立光,2025-04-15,2089.51,37.0,8.82,58,32.6,119.54,2231.68,True,-0.926,hold_expired
3008,大立光,2025-04-17,2094.34,40.4,9.34,53,26.2,120.23,2206.44,True,2.079,hold_expired
3008,大立光,2025-04-21,2045.98,33.8,-1.17,38,23.8,118.85,2172.7,True,6.856,hold_expired
3008,大立光,2026-01-15,2353.75,40.8,-2.83,50,21.8,104.16,2334.91,False,1.871,hold_expired
3037,欣興,2022-01-25,181.59,37.7,-9.68,38,18.6,8.8,199.3,True,8.479,hold_expired
3037,欣興,2022-04-21,199.25,33.1,1.15,43,23.9,8.51,206.61,True,-8.182,stop_loss
3037,欣興,2022-04-25,182.95,32.4,-2.18,43,25.6,8.96,203.65,True,7.921,hold_expired
3037,欣興,2022-07-04,134.95,38.1,-11.04,35,48.3,9.93,157.7,True,0.336,hold_expired
3037,欣興,2022-08-11,141.22,34.8,4.45,40,20.2,7.21,148.7,True,7.869,hold_expired
3037,欣興,2022-10-05,112.52,37.5,5.65,50,26.9,5.59,117.7,True,-7.819,stop_loss
3037,欣興,2022-11-29,139.83,37.5,-3.21,60,26.9,5.56,137.77,False,-0.993,hold_expired
3037,欣興,2023-08-16,172.85,37.3,-3.26,48,19.7,7.25,180.23,True,0.843,hold_expired
3037,欣興,2023-08-18,169.46,38.8,0.0,38,18.3,7.21,178.07,True,5.444,hold_expired
3037,欣興,2023-11-03,151.01,42.9,5.78,40,24.2,5.45,154.26,True,-1.608,hold_expired
3037,欣興,2024-08-12,156.08,30.3,5.69,50,50.2,11.64,175.32,True,-3.165,hold_expired
3037,欣興,2024-08-14,157.56,36.8,7.41,50,45.8,10.9,172.16,True,1.881,hold_expired
3037,欣興,2024-08-16,157.56,37.5,7.77,50,33.0,10.05,167.37,True,0.313,hold_expired
3037,欣興,2024-08-20,156.08,43.4,0.32,35,29.5,9.1,163.37,True,4.114,hold_expired
3037,欣興,2024-09-13,145.71,36.5,3.51,40,18.8,6.28,151.17,True,-0.678,hold_expired
3037,欣興,2024-09-20,145.21,37.3,0.68,35,18.0,5.93,148.82,True,-1.701,hold_expired
3037,欣興,2024-12-05,151.63,38.9,4.42,50,19.3,5.15,156.72,True,-7.818,stop_loss
3037,欣興,2025-03-18,106.69,30.8,-1.37,35,32.1,4.27,116.22,True,-3.241,hold_expired
3037,欣興,2025-03-20,108.17,43.3,1.86,35,30.2,3.99,114.05,True,-9.589,stop_loss
3037,欣興,2025-04-15,87.72,35.5,13.56,50,49.5,5.91,94.41,True,-2.59,hold_expired
3037,欣興,2025-04-17,83.67,37.9,9.43,50,43.8,5.92,92.16,True,12.515,hold_expired
3037,欣興,2025-04-21,80.21,36.9,-4.13,35,38.1,5.66,89.81,True,15.64,hold_expired
3231,創意,2023-08-16,120.85,34.7,6.67,68,42.1,10.86,125.47,True,-13.281,hold_expired
3231,創意,2023-08-18,113.77,41.2,4.78,58,45.5,10.69,124.86,True,-9.129,hold_expired
3231,創意,2023-09-13,96.3,38.1,-10.13,43,27.6,5.4,107.44,True,0.49,hold_expired
3231,創意,2023-09-15,98.66,39.1,-4.13,38,24.1,4.76,105.6,True,-2.871,hold_expired
3231,創意,2023-09-25,97.24,35.5,1.98,43,19.8,4.03,100.36,True,3.883,hold_expired
3231,創意,2023-10-24,90.82,35.8,1.58,43,19.8,4.68,94.76,True,-3.534,hold_expired
3231,創意,2023-10-30,88.46,30.0,1.3,43,24.2,4.5,93.17,True,3.842,hold_expired
3231,創意,2023-11-01,84.5,30.6,-6.09,38,22.6,3.74,91.59,True,9.609,hold_expired
3231,創意,2024-04-26,106.69,32.9,-1.74,38,21.5,4.72,112.92,True,1.77,hold_expired
3231,創意,2024-04-30,107.16,37.1,2.25,43,20.8,4.35,112.09,True,0.441,hold_expired
3231,創意,2024-08-08,91.67,37.8,-5.2,35,27.4,4.7,97.41,True,6.013,hold_expired
3231,創意,2025-04-11,87.32,39.1,-10.59,35,36.7,5.15,95.28,True,9.413,hold_expired
3231,創意,2026-02-06,129.0,35.5,-1.15,38,19.3,3.68,135.72,True,5.426,hold_expired
3443,中碳,2022-02-09,454.6,42.9,-1.86,38,25.4,18.32,482.16,True,-2.731,hold_expired
3443,中碳,2022-06-28,504.78,34.1,1.16,53,18.5,25.83,521.2,True,-7.854,stop_loss
3443,中碳,2022-06-30,465.13,31.3,0.1,43,20.5,26.45,515.73,True,-8.732,stop_loss
3443,中碳,2022-07-04,447.24,35.3,-13.39,43,31.3,29.08,507.1,True,-0.541,hold_expired
3443,中碳,2022-07-06,421.13,36.6,-14.77,43,37.9,31.32,494.62,True,18.485,hold_expired
3443,中碳,2022-07-12,418.71,40.6,-3.88,33,19.8,32.77,473.04,True,24.711,take_profit
3443,中碳,2022-10-28,454.98,44.8,18.07,53,61.3,34.98,467.09,True,22.21,hold_expired
3443,中碳,2023-01-03,661.43,32.6,-2.01,48,24.2,35.78,712.05,True,2.632,hold_expired
3443,中碳,2023-01-09,664.33,37.9,7.18,68,28.6,37.09,693.15,True,12.809,hold_expired
3443,中碳,2023-08-18,1312.59,34.5,5.91,58,62.6,94.8,1472.89,True,11.524,hold_expired
3443,中碳,2023-11-27,1571.21,44.0,-6.12,35,18.4,70.75,1598.29,True,4.348,hold_expired
3443,中碳,2024-02-02,1551.69,38.5,2.91,43,23.1,69.01,1628.54,True,-9.748,stop_loss
3443,中碳,2024-02-19,1488.26,31.6,-1.29,38,22.7,71.1,1576.58,True,4.262,hold_expired
3443,中碳,2024-02-21,1434.58,40.9,2.44,38,21.4,69.36,1550.23,True,5.102,hold_expired
3443,中碳,2024-02-23,1419.94,38.5,-4.28,38,18.9,65.53,1526.07,True,4.811,hold_expired
3443,中碳,2024-03-29,1210.12,30.4,-6.06,35,34.2,59.95,1339.68,True,6.855,hold_expired
3443,中碳,2024-08-14,1069.15,39.5,6.9,58,60.0,81.93,1181.43,True,5.991,hold_expired
3443,中碳,2024-09-13,1024.8,36.3,1.96,35,21.6,42.3,1071.41,True,12.5,hold_expired
3443,中碳,2025-03-20,1172.61,34.4,1.28,48,27.5,50.68,1267.7,True,-11.765,hold_expired
3443,中碳,2025-04-11,966.67,33.8,-11.62,35,39.3,65.18,1093.34,True,-6.422,hold_expired
3443,中碳,2025-04-15,1000.17,33.7,12.78,50,35.9,63.56,1074.96,True,-9.557,stop_loss
3443,中碳,2025-04-17,977.51,37.6,5.76,50,34.2,66.23,1053.43,True,3.831,hold_expired
3443,中碳,2025-04-21,943.02,38.4,-3.53,35,35.7,64.54,1032.93,True,7.106,hold_expired
3711,日月光,2022-07-14,67.96,37.5,5.09,50,27.3,2.61,69.8,True,7.908,hold_expired
3711,日月光,2024-03-25,147.08,41.7,-0.32,58,21.8,6.34,142.06,False,-1.905,hold_expired
3711,日月光,2024-08-08,132.98,32.1,-10.1,43,46.0,9.12,155.98,True,11.594,hold_expired
3711,日月光,2024-08-12,143.09,36.2,14.23,58,38.2,8.91,152.18,True,2.694,hold_expired
3711,日月光,2025-03-18,154.66,33.3,2.88,43,22.4,5.06,161.52,True,-2.492,hold_expired
3711,日月光,2025-04-11,129.6,33.7,-9.73,43,35.6,7.61,143.62,True,-5.204,hold_expired
3711,日月光,2025-04-15,130.57,34.5,6.27,58,37.1,7.92,141.48,True,-2.214,hold_expired
3711,日月光,2025-04-17,124.79,36.7,2.37,48,34.1,8.23,138.83,True,5.792,hold_expired
3711,日月光,2025-04-21,123.82,34.1,-3.02,35,33.3,7.57,135.8,True,5.447,hold_expired
3711,日月光,2025-11-26,217.5,41.3,3.82,53,20.2,8.64,225.43,True,6.207,hold_expired
4532,華擎,2022-10-18,13.14,30.8,-0.92,38,19.1,0.43,13.94,True,-1.235,hold_expired
4532,華擎,2024-08-22,22.42,37.0,-2.5,43,27.8,0.87,24.09,True,-0.791,hold_expired
4532,華擎,2025-04-15,24.21,34.8,-2.04,38,21.4,1.32,26.04,True,5.058,hold_expired
4532,華擎,2025-04-17,24.31,35.1,0.58,43,23.0,1.33,25.83,True,10.465,hold_expired
4532,華擎,2025-04-21,25.25,38.1,7.63,63,22.1,1.43,25.7,True,10.634,hold_expired
4770,熱映,2022-07-07,223.47,39.9,1.8,48,31.9,10.7,233.37,True,2.745,hold_expired
4770,熱映,2022-07-11,220.84,42.9,8.15,48,22.9,10.39,229.97,True,4.167,hold_expired
4770,熱映,2022-11-02,233.54,36.4,5.54,58,33.2,9.73,248.88,True,16.323,hold_expired
4770,熱映,2023-03-27,270.44,33.2,-3.11,38,23.4,11.53,285.3,True,1.349,hold_expired
4770,熱映,2023-03-29,269.53,39.4,3.21,48,20.1,10.63,281.56,True,-0.677,hold_expired
4770,熱映,2023-08-29,252.2,32.0,0.55,43,18.6,6.61,263.26,True,2.351,hold_expired
4770,熱映,2024-03-14,348.88,35.1,-4.61,63,20.1,20.29,345.51,False,10.196,hold_expired
4770,熱映,2025-04-02,266.41,32.2,-14.11,35,29.2,13.87,309.44,True,-9.854,stop_loss
4770,熱映,2025-04-18,226.54,35.3,6.15,50,56.4,16.18,257.94,True,5.15,hold_expired
4770,熱映,2025-04-22,218.76,32.7,-6.44,35,50.3,14.9,247.62,True,10.222,hold_expired
4770,熱映,2025-11-27,208.07,38.0,0.23,48,26.6,6.91,218.62,True,10.748,hold_expired
4770,熱映,2025-12-01,206.12,32.1,2.91,35,19.2,5.87,215.22,True,11.792,take_profit
4938,和碩,2025-04-11,73.86,33.4,-10.02,35,32.8,3.38,81.57,True,-1.28,hold_expired
4938,和碩,2025-04-15,74.15,33.8,6.09,50,32.0,3.6,80.28,True,1.148,hold_expired
4938,和碩,2025-04-17,74.43,37.4,4.24,45,27.2,3.69,79.06,True,4.701,hold_expired
4938,和碩,2025-04-21,74.43,35.5,0.9,35,24.7,3.66,77.89,True,2.668,hold_expired
4952,凌華,2022-01-25,47.24,33.6,-3.83,38,19.0,1.32,50.36,True,4.478,hold_expired
4952,凌華,2022-04-21,58.68,41.2,2.32,48,23.4,1.78,59.64,True,-5.34,stop_loss
4952,凌華,2022-07-14,48.41,37.4,5.34,58,32.3,2.39,50.13,True,12.762,hold_expired
4952,凌華,2022-09-15,45.03,30.5,1.72,35,19.0,1.18,47.27,True,-9.398,hold_expired
4952,凌華,2022-10-14,38.38,37.1,-6.97,35,26.6,1.83,41.22,True,-4.079,hold_expired
4952,凌華,2024-08-12,51.77,37.2,7.25,58,39.6,2.69,55.78,True,2.559,hold_expired
4952,凌華,2025-04-15,39.66,33.8,9.69,50,45.2,2.23,43.62,True,-6.086,hold_expired
4952,凌華,2025-04-17,38.52,35.1,7.67,50,38.8,2.35,42.65,True,1.966,hold_expired
4952,凌華,2025-04-21,37.05,34.1,-2.97,35,37.1,2.37,41.58,True,6.003,hold_expired
4952,凌華,2026-04-01,40.0,32.1,-5.33,38,24.8,1.63,43.36,True,5.25,hold_expired
4952,凌華,2026-04-09,40.65,39.1,4.9,58,20.1,1.6,41.86,True,8.856,hold_expired
5203,互盛電,2024-08-12,90.25,35.2,5.13,58,26.9,4.47,94.72,True,2.66,hold_expired
5203,互盛電,2025-04-11,91.88,32.5,-17.5,43,35.6,6.31,107.38,True,-7.732,hold_expired
5203,互盛電,2025-04-15,94.28,33.3,4.36,53,37.4,6.47,104.95,True,-5.193,hold_expired
5203,互盛電,2025-04-17,90.44,34.9,-2.79,43,39.3,5.99,102.61,True,6.688,hold_expired
5203,互盛電,2025-04-21,86.02,32.7,-3.45,43,39.6,5.8,100.09,True,10.156,hold_expired
5203,互盛電,2025-04-23,87.85,36.4,-3.07,43,38.9,5.65,97.37,True,10.929,hold_expired
5203,互盛電,2026-03-18,64.0,41.8,0.95,35,32.0,2.64,67.71,True,0.625,hold_expired
5215,科嘉-KY,2022-07-06,35.87,35.5,-9.92,35,29.5,1.42,40.28,True,8.228,hold_expired
5215,科嘉-KY,2022-07-08,37.4,41.5,5.99,40,24.4,1.34,39.49,True,0.903,hold_expired
5215,科嘉-KY,2023-09-25,51.22,42.2,-8.75,48,18.9,2.87,51.72,True,1.599,hold_expired
5215,科嘉-KY,2024-08-12,40.92,37.2,6.32,50,33.4,1.83,43.54,True,2.286,hold_expired
5215,科嘉-KY,2024-08-14,40.64,41.7,3.95,40,25.7,1.79,42.78,True,5.984,hold_expired
5215,科嘉-KY,2025-04-15,35.73,33.9,12.19,50,37.8,1.63,38.39,True,-1.309,hold_expired
5215,科嘉-KY,2025-04-17,35.5,37.2,6.15,50,31.0,1.65,37.7,True,0.527,hold_expired
5215,科嘉-KY,2025-04-21,35.17,37.7,1.35,40,26.9,1.55,37.03,True,3.723,hold_expired
5388,環球晶,2022-05-18,67.03,34.8,6.12,63,20.7,2.84,68.63,True,0.897,hold_expired
5388,環球晶,2022-10-05,72.62,37.8,7.37,53,24.4,2.63,75.55,True,-7.101,stop_loss
5388,環球晶,2022-10-28,63.51,31.4,-1.73,38,21.2,2.62,68.8,True,4.465,hold_expired
5388,環球晶,2022-11-01,65.66,35.2,1.6,43,21.4,2.22,68.44,True,2.356,hold_expired
5388,環球晶,2023-07-20,98.82,40.0,-5.6,53,20.2,4.87,99.52,True,11.416,hold_expired
5388,環球晶,2024-08-12,101.91,38.1,9.11,45,19.8,4.47,105.11,True,0.917,hold_expired
5388,環球晶,2025-04-15,99.84,31.8,8.99,58,47.5,6.9,109.93,True,-1.942,hold_expired
5388,環球晶,2025-04-17,94.71,30.3,4.38,53,46.1,7.01,107.51,True,4.913,hold_expired
5388,環球晶,2025-04-21,94.32,34.0,3.73,53,43.7,6.45,104.87,True,7.4,hold_expired
5388,環球晶,2025-11-24,79.29,37.2,0.37,40,28.9,1.86,83.38,True,2.934,hold_expired
5471,松翰,2022-05-04,62.33,33.3,1.45,35,18.5,1.38,65.05,True,-3.886,stop_loss
5471,松翰,2022-06-28,56.11,31.6,0.43,35,19.7,1.45,58.7,True,-12.95,stop_loss
5471,松翰,2022-07-06,48.52,30.9,-12.52,35,27.1,1.86,55.25,True,8.819,hold_expired
5471,松翰,2022-07-08,50.46,33.9,3.31,40,24.1,1.81,54.16,True,7.2,hold_expired
5471,松翰,2022-10-05,44.82,30.2,7.1,50,26.0,1.48,47.79,True,-6.526,stop_loss
5471,松翰,2022-10-14,41.67,39.9,-6.75,35,28.6,1.83,45.11,True,-3.132,hold_expired
5471,松翰,2022-10-18,42.16,39.0,0.64,35,22.0,1.7,44.31,True,-1.921,hold_expired
5471,松翰,2024-08-14,43.05,35.7,1.14,40,25.5,1.46,45.56,True,-0.9,hold_expired
5471,松翰,2024-08-16,43.05,33.8,2.18,35,18.5,1.35,44.82,True,1.237,hold_expired
5471,松翰,2025-04-11,32.44,30.2,-14.97,35,35.2,1.77,37.21,True,-2.09,hold_expired
5471,松翰,2025-04-15,33.89,36.1,6.71,50,36.1,1.89,36.64,True,-3.0,hold_expired
5471,松翰,2025-04-17,33.07,31.8,4.92,45,30.9,1.93,36.02,True,2.05,hold_expired
5471,松翰,2025-04-21,31.96,32.4,-2.22,35,31.0,1.78,35.3,True,5.455,hold_expired
5538,融程電,2022-04-11,47.15,38.5,2.3,53,21.8,1.46,48.24,True,-5.872,stop_loss
5538,融程電,2025-04-15,30.08,37.9,5.15,45,21.0,1.73,31.83,True,-3.633,hold_expired
6116,彩晶,2022-07-06,9.83,39.0,-6.82,35,35.9,0.5,10.82,True,2.238,hold_expired
6116,彩晶,2022-09-06,11.8,43.2,0.0,50,19.5,0.41,11.38,False,4.661,hold_expired
6116,彩晶,2023-08-30,12.15,36.8,0.0,38,20.3,0.31,12.66,True,-1.235,hold_expired
6116,彩晶,2024-08-12,8.62,36.6,5.38,45,25.0,0.32,9.16,True,3.248,hold_expired
6116,彩晶,2025-04-11,6.81,32.0,-14.23,35,43.5,0.38,7.81,True,1.322,hold_expired
6116,彩晶,2025-04-15,7.15,37.6,11.02,50,41.6,0.39,7.69,True,-2.517,hold_expired
6116,彩晶,2025-04-17,6.98,38.9,8.89,50,32.8,0.4,7.53,True,2.292,hold_expired
6116,彩晶,2025-04-21,6.87,38.6,-1.43,35,29.1,0.39,7.36,True,2.766,hold_expired
6116,彩晶,2026-01-23,9.03,37.4,-8.14,58,37.0,0.68,9.47,True,-8.416,hold_expired
6116,彩晶,2026-01-29,8.5,31.4,-12.82,48,24.1,0.53,9.71,True,-2.471,hold_expired
6116,彩晶,2026-02-10,8.18,33.8,-1.09,43,33.4,0.47,9.06,True,8.068,hold_expired
6139,太陽能,2022-05-06,24.73,30.3,0.51,43,20.7,0.5,25.97,True,4.949,hold_expired
6139,太陽能,2023-06-02,53.83,42.9,-4.85,58,22.7,1.86,53.19,False,-4.934,hold_expired
6139,太陽能,2023-08-01,68.62,38.0,-1.27,63,22.6,3.14,66.78,False,1.032,hold_expired
6139,太陽能,2023-10-18,99.41,36.4,2.37,73,30.0,6.61,96.95,False,23.611,take_profit
6139,太陽能,2023-11-13,119.2,44.7,-3.0,58,18.4,6.38,116.88,False,21.236,hold_expired
6139,太陽能,2024-05-03,234.48,36.4,-12.15,53,29.7,24.89,278.27,True,-11.66,hold_expired
6139,太陽能,2024-05-09,229.85,38.6,-7.12,53,49.1,21.25,270.35,True,-13.105,hold_expired
6139,太陽能,2024-05-15,212.24,30.9,-10.2,43,44.6,17.08,251.74,True,-4.804,hold_expired
6139,太陽能,2024-05-21,205.29,32.4,-0.89,43,41.6,13.77,234.41,True,-3.16,hold_expired
6139,太陽能,2024-05-23,199.26,34.0,-4.87,43,32.7,12.81,226.37,True,0.0,hold_expired
6139,太陽能,2024-05-27,200.19,31.4,0.23,48,28.7,12.84,220.83,True,-3.935,hold_expired
6139,太陽能,2024-05-29,202.51,40.5,-3.74,38,26.3,10.39,215.71,True,1.831,hold_expired
6139,太陽能,2024-05-31,200.19,37.5,-0.92,38,23.8,8.9,211.56,True,0.463,hold_expired
6139,太陽能,2024-08-08,197.87,34.5,-9.92,38,21.9,12.41,217.45,True,14.52,hold_expired
6139,太陽能,2024-08-12,211.77,41.7,12.56,40,22.0,12.61,215.25,True,8.753,hold_expired
6139,太陽能,2024-09-20,207.42,36.8,6.95,45,20.5,8.85,213.53,True,5.336,hold_expired
6139,太陽能,2025-04-15,208.87,34.9,11.0,58,44.6,13.17,226.05,True,2.074,hold_expired
6139,太陽能,2025-04-17,212.72,40.5,14.21,53,36.2,13.72,221.84,True,2.941,hold_expired
6139,太陽能,2025-04-21,210.79,42.0,6.83,53,29.3,13.44,217.84,True,7.763,hold_expired
6176,環球晶,2022-07-12,67.76,34.9,0.48,35,22.3,1.59,71.47,True,3.957,hold_expired
6176,環球晶,2024-07-05,173.31,33.2,-1.58,38,21.1,6.46,182.17,True,0.0,hold_expired
6176,環球晶,2024-07-09,171.92,36.7,2.49,43,20.0,5.99,180.19,True,-1.351,hold_expired
6176,環球晶,2025-04-11,147.75,36.8,-12.64,35,28.5,7.53,163.23,True,-2.83,hold_expired
6176,環球晶,2025-04-15,154.72,40.7,8.82,45,26.2,8.4,161.02,True,-4.204,hold_expired
6176,環球晶,2025-04-17,151.47,36.1,7.59,45,19.9,8.63,159.3,True,-9.509,hold_expired
6176,環球晶,2026-03-06,104.0,32.4,-14.75,35,26.7,5.75,119.75,True,-8.365,stop_loss
6176,環球晶,2026-03-20,93.7,37.8,-3.4,35,52.4,3.79,106.33,True,-2.455,hold_expired
6183,撼訊,2022-11-07,50.2,35.5,2.39,48,25.2,1.46,52.37,True,0.0,hold_expired
6230,麗臺,2022-04-21,105.49,31.2,10.48,50,45.2,3.92,110.29,True,13.953,take_profit
6230,麗臺,2023-01-09,115.46,40.0,0.86,48,18.9,3.14,118.47,True,-5.556,stop_loss
6230,麗臺,2023-08-22,148.03,37.7,0.0,38,18.6,6.06,156.88,True,3.074,hold_expired
6230,麗臺,2024-04-12,181.4,42.9,-6.89,43,19.9,9.16,193.9,True,23.836,take_profit
6230,麗臺,2024-06-17,321.06,34.4,5.38,68,25.9,19.28,334.18,True,2.477,hold_expired
6230,麗臺,2024-06-19,316.59,39.8,3.41,58,21.9,18.35,330.92,True,3.925,hold_expired
6230,麗臺,2024-08-08,225.64,30.7,-13.36,43,47.5,15.19,265.37,True,3.084,hold_expired
6230,麗臺,2024-08-12,231.6,34.0,6.15,58,41.7,15.02,256.7,True,0.644,hold_expired
6230,麗臺,2024-08-14,232.59,40.2,0.86,43,32.1,14.41,250.09,True,-1.051,hold_expired
6230,麗臺,2024-08-16,238.56,44.1,4.35,43,22.4,13.49,244.25,True,-3.107,hold_expired
6230,麗臺,2025-04-21,120.82,31.2,-3.2,35,65.2,10.73,148.65,True,9.091,hold_expired
6230,麗臺,2025-04-23,128.8,43.5,0.39,35,53.9,9.84,141.71,True,2.713,hold_expired
6230,麗臺,2025-06-10,128.3,41.3,5.33,40,22.2,4.67,132.35,True,1.946,hold_expired
6230,麗臺,2025-09-01,142.0,41.2,-1.39,50,19.7,8.24,139.89,False,-1.056,hold_expired
6230,麗臺,2025-10-20,136.5,32.3,0.0,38,22.9,5.36,145.68,True,0.733,hold_expired
6230,麗臺,2025-10-22,137.0,33.3,1.11,43,19.6,4.89,144.68,True,4.38,hold_expired
6230,麗臺,2025-11-28,116.5,42.2,7.87,53,34.0,4.29,120.62,True,0.858,hold_expired
6230,麗臺,2026-03-30,147.5,33.3,-10.61,48,20.8,8.89,167.18,True,-2.034,hold_expired
6230,麗臺,2026-04-01,144.0,30.1,-7.4,53,26.3,9.29,164.6,True,5.208,hold_expired
6257,迎廣,2024-08-12,68.45,40.3,7.77,53,25.9,2.96,71.36,True,2.913,hold_expired
6257,迎廣,2025-04-11,61.52,30.4,-15.84,43,31.8,2.98,70.03,True,3.549,hold_expired
6257,迎廣,2025-04-15,64.55,34.7,8.97,58,32.5,3.3,69.17,True,2.206,hold_expired
6257,迎廣,2025-04-17,62.47,33.6,4.94,53,28.5,3.39,68.11,True,7.143,hold_expired
6257,迎廣,2025-04-21,61.14,32.0,-2.28,43,29.5,3.37,66.97,True,11.957,hold_expired
6285,綠能,2022-05-24,52.82,35.2,-1.57,35,32.7,2.0,57.08,True,3.36,hold_expired
6285,綠能,2023-04-28,80.61,37.2,-0.11,48,18.2,2.62,84.48,True,3.139,hold_expired
6285,綠能,2023-10-12,120.86,39.1,0.0,48,20.9,4.71,126.22,True,-5.639,hold_expired
6285,綠能,2023-10-16,118.13,30.4,0.0,48,19.8,4.22,125.47,True,1.923,hold_expired
6285,綠能,2024-08-20,119.0,31.6,3.33,45,26.5,5.62,124.95,True,-2.016,hold_expired
6285,綠能,2025-04-15,124.76,36.0,15.56,58,43.0,8.26,131.55,True,-10.769,stop_loss
6285,綠能,2025-04-17,114.2,34.1,6.73,58,41.0,8.6,129.0,True,4.202,hold_expired
6285,綠能,2025-04-21,111.32,35.4,-2.11,43,41.4,8.23,125.98,True,8.621,hold_expired
6285,綠能,2025-11-26,101.5,40.2,5.73,45,42.7,3.44,108.39,True,0.493,hold_expired
6285,綠能,2026-03-06,166.0,42.2,-11.23,43,18.8,14.79,179.57,True,6.325,hold_expired
6285,綠能,2026-03-10,156.5,39.2,-11.33,53,29.1,13.79,177.82,True,10.543,hold_expired
6285,綠能,2026-03-12,167.5,41.4,1.82,48,21.7,13.04,175.97,True,-0.896,hold_expired
6405,景岳,2023-10-30,23.67,38.8,3.02,48,21.9,0.65,24.32,True,-0.839,hold_expired
6405,景岳,2024-08-14,22.91,34.7,0.0,38,22.5,0.93,24.27,True,18.261,hold_expired
6405,景岳,2024-11-11,45.02,37.2,3.91,78,27.7,3.4,44.38,False,-2.987,hold_expired
6405,景岳,2024-11-29,38.94,35.8,-11.04,38,23.8,2.62,44.24,True,-10.102,stop_loss
6405,景岳,2024-12-03,38.84,31.3,-9.51,43,29.1,2.64,43.49,True,-8.718,hold_expired
6405,景岳,2024-12-25,34.21,44.9,1.48,38,23.4,1.47,35.36,True,-7.278,stop_loss
6405,景岳,2025-01-17,29.28,31.8,-1.84,38,24.2,1.09,31.53,True,4.422,hold_expired
6405,景岳,2025-01-21,29.78,39.7,2.57,43,20.2,1.01,31.19,True,1.171,hold_expired
6405,景岳,2025-04-17,21.51,31.2,1.41,40,49.4,1.57,25.02,True,10.185,hold_expired
6405,景岳,2025-11-20,25.45,37.2,-6.09,43,25.3,0.94,27.43,True,-2.75,hold_expired
6405,景岳,2026-03-24,29.55,34.5,-4.68,38,20.0,1.45,31.56,True,25.719,hold_expired
6409,光菱,2022-10-14,1229.22,37.9,-7.64,43,25.6,46.21,1328.34,True,-7.519,hold_expired
6409,光菱,2022-10-18,1233.84,32.6,0.0,38,19.0,46.87,1304.54,True,-5.993,stop_loss
6409,光菱,2022-10-26,1169.14,31.9,-5.6,38,19.1,54.46,1243.08,True,10.277,hold_expired
6409,光菱,2022-12-27,1432.55,30.6,-1.59,40,18.2,65.69,1537.68,True,2.581,hold_expired
6409,光菱,2022-12-29,1414.06,33.8,-1.29,40,18.7,63.71,1521.51,True,7.843,hold_expired
6409,光菱,2023-08-10,1518.62,31.0,-3.31,38,19.5,64.88,1643.35,True,-6.542,stop_loss
6409,光菱,2023-08-18,1461.85,33.0,-1.59,38,23.7,69.95,1562.85,True,-4.207,hold_expired
6409,光菱,2023-08-22,1452.39,33.3,-0.32,38,22.2,70.96,1540.38,True,-5.537,hold_expired
6409,光菱,2023-08-24,1428.73,41.1,-3.51,33,20.2,67.25,1520.75,True,-2.98,hold_expired
6409,光菱,2023-11-03,1319.92,31.1,4.89,45,34.6,56.77,1382.61,True,2.509,hold_expired
6409,光菱,2024-02-02,1291.54,35.1,1.11,48,30.1,43.25,1371.49,True,11.355,hold_expired
6409,光菱,2024-11-19,1841.49,33.6,-1.3,38,23.3,87.34,2003.41,True,-2.887,hold_expired
6409,光菱,2025-03-18,1440.33,35.0,-4.79,35,27.8,76.64,1609.25,True,6.376,hold_expired
6409,光菱,2025-03-26,1532.16,43.5,7.82,40,20.5,83.89,1540.38,True,-14.511,stop_loss
6409,光菱,2025-04-15,1329.16,34.6,7.0,45,24.6,92.87,1401.66,True,-0.364,hold_expired
6409,光菱,2025-04-17,1280.83,34.7,3.92,40,24.3,90.45,1386.68,True,8.679,hold_expired
6409,光菱,2025-04-21,1251.83,35.1,-4.43,35,29.2,88.73,1367.59,True,15.83,hold_expired
6409,光菱,2025-06-04,1363.0,34.2,0.71,35,18.0,52.82,1415.92,True,-2.837,hold_expired
6409,光菱,2025-11-26,1155.0,44.6,10.53,60,22.1,56.21,1141.6,False,-9.091,hold_expired
6409,光菱,2026-03-18,784.0,30.1,-4.39,35,26.8,35.71,851.7,True,-5.485,hold_expired
6409,光菱,2026-03-20,752.0,37.6,-1.83,35,31.6,35.57,837.55,True,-3.723,hold_expired
6415,崇越,2022-02-07,916.79,39.4,-0.13,43,44.7,44.43,993.31,True,0.264,hold_expired
6415,崇越,2022-03-16,694.54,33.1,-11.67,35,27.4,52.54,851.2,True,13.652,hold_expired
6415,崇越,2022-03-18,797.21,40.0,-3.37,35,30.3,57.03,837.62,True,2.061,hold_expired
6415,崇越,2022-03-22,823.79,43.4,23.1,45,25.2,54.96,829.04,True,1.128,hold_expired
6415,崇越,2022-04-21,701.92,35.2,-0.69,35,31.0,39.03,740.76,True,-11.419,stop_loss
6415,崇越,2022-06-28,648.49,43.7,10.79,55,25.8,31.31,639.08,False,-10.3,stop_loss
6415,崇越,2022-09-13,509.07,35.2,6.83,50,42.3,26.16,535.74,True,-4.676,hold_expired
6415,崇越,2022-09-15,506.16,44.1,12.89,45,28.9,25.36,524.04,True,-13.628,stop_loss
6415,崇越,2022-10-05,437.67,33.2,11.93,50,29.0,22.45,457.05,True,-10.988,stop_loss
6415,崇越,2022-10-07,446.9,36.8,9.26,50,26.1,21.62,456.25,True,-8.696,stop_loss
6415,崇越,2022-10-28,353.15,32.3,-6.91,35,31.0,24.74,399.07,True,11.829,hold_expired
6415,崇越,2022-11-01,381.32,42.6,4.95,40,30.6,22.73,395.24,True,10.064,hold_expired
6415,崇越,2022-11-03,374.03,36.4,4.76,40,19.3,21.06,389.48,True,21.558,hold_expired
6415,崇越,2022-12-27,440.58,42.8,0.0,40,26.9,25.26,469.97,True,6.725,hold_expired
6415,崇越,2023-01-05,445.93,43.4,5.64,50,20.6,21.23,451.27,True,15.904,take_profit
6415,崇越,2023-03-24,501.82,30.5,3.51,53,26.8,21.62,531.15,True,-6.934,stop_loss
6415,崇越,2023-04-06,463.11,39.2,-5.88,38,22.7,18.86,499.9,True,8.783,hold_expired
6415,崇越,2023-05-29,386.66,34.5,4.92,45,36.7,18.52,412.43,True,-2.915,hold_expired
6415,崇越,2023-07-26,308.25,31.2,-7.64,35,25.1,16.28,343.65,True,-1.431,hold_expired
6415,崇越,2023-08-28,257.28,33.0,-6.58,35,32.5,14.07,286.69,True,17.143,hold_expired
6415,崇越,2023-08-30,279.33,44.9,9.83,40,24.1,14.63,280.95,True,4.737,hold_expired
6415,崇越,2024-01-23,401.85,34.4,-0.73,48,24.6,16.91,428.75,True,-4.024,hold_expired
6415,崇越,2024-01-25,392.54,32.6,-1.48,38,20.6,16.1,424.42,True,-3.371,hold_expired
6415,崇越,2024-02-02,382.25,37.7,-2.99,38,19.2,13.48,404.57,True,7.949,hold_expired
6415,崇越,2024-03-19,354.31,38.1,-6.71,38,20.1,19.6,388.96,True,-9.014,hold_expired
6415,崇越,2024-03-25,343.04,37.0,-6.04,38,25.0,18.27,378.74,True,-8.323,stop_loss
6415,崇越,2024-03-29,326.32,40.8,-9.28,38,29.3,16.08,364.06,True,12.538,hold_expired
6415,崇越,2024-07-11,445.12,30.8,5.24,68,30.6,18.52,465.97,True,-7.53,hold_expired
6415,崇越,2024-07-15,437.23,38.6,4.23,53,26.3,19.01,458.25,True,-5.073,hold_expired
6415,崇越,2024-08-08,382.02,36.3,-15.02,43,26.7,29.96,427.62,True,12.0,hold_expired
6415,崇越,2024-11-15,458.43,31.4,-3.83,38,22.4,22.53,494.76,True,-5.914,hold_expired
6415,崇越,2024-11-29,415.54,31.1,-3.33,38,23.8,18.56,450.59,True,5.694,hold_expired
6415,崇越,2024-12-05,415.05,37.9,2.31,43,19.0,14.96,435.85,True,-7.363,hold_expired
6415,崇越,2025-10-20,232.96,33.8,-1.67,35,27.9,11.36,250.95,True,-2.553,hold_expired
6415,崇越,2025-11-20,187.85,31.6,-10.61,35,28.6,8.85,210.68,True,8.179,hold_expired
6415,崇越,2025-11-26,202.23,44.2,10.27,40,22.2,9.67,202.65,True,0.49,hold_expired
6415,崇越,2026-03-06,250.3,39.4,-10.14,40,23.2,15.86,272.51,True,8.713,hold_expired
6415,崇越,2026-03-10,250.3,44.4,-0.39,35,24.3,16.75,267.48,True,11.089,hold_expired
6446,秧訊,2022-01-05,243.74,35.0,-10.88,53,45.2,20.33,278.84,True,-12.568,hold_expired
6446,秧訊,2022-01-07,219.32,40.2,-15.7,48,57.2,19.03,273.67,True,2.227,hold_expired
6446,秧訊,2022-01-11,230.42,41.0,-7.65,48,42.7,16.62,263.19,True,-2.697,hold_expired
6446,秧訊,2022-01-13,217.99,38.6,-6.3,53,28.5,16.05,252.58,True,11.609,hold_expired
6446,秧訊,2022-01-17,225.09,33.0,-2.69,48,22.9,15.82,243.28,True,14.004,hold_expired
6446,秧訊,2022-01-19,220.21,42.3,-3.5,48,28.7,14.87,239.75,True,15.726,hold_expired
6446,秧訊,2022-01-21,221.54,35.8,3.96,58,24.9,13.29,235.97,True,2.806,hold_expired
6446,秧訊,2022-10-14,437.45,31.7,0.72,48,34.3,25.31,467.83,True,-9.147,stop_loss
6446,秧訊,2022-10-18,427.11,39.9,6.15,58,32.9,24.73,458.73,True,-12.0,stop_loss
6446,秧訊,2022-10-20,402.83,37.1,-6.47,43,26.4,21.16,447.65,True,1.339,hold_expired
6446,秧訊,2022-10-24,397.44,33.5,-6.95,38,19.9,19.59,435.67,True,14.253,hold_expired
6446,秧訊,2022-10-28,402.83,43.7,0.0,33,19.2,20.65,417.92,True,7.031,hold_expired
6446,秧訊,2023-05-05,346.18,32.0,6.21,45,23.2,12.01,360.3,True,-5.584,stop_loss
6446,秧訊,2023-05-25,309.77,40.7,4.87,35,19.2,15.09,318.31,True,0.581,hold_expired
6446,秧訊,2023-08-18,295.83,43.6,4.78,35,19.1,13.58,299.49,True,7.751,hold_expired
6446,秧訊,2024-04-30,263.91,34.1,2.09,35,19.2,8.86,276.72,True,6.474,hold_expired
6446,秧訊,2024-10-15,569.18,41.7,0.96,38,20.5,21.39,593.28,True,1.422,hold_expired
6446,秧訊,2024-10-17,552.1,38.2,-1.76,38,20.7,16.63,586.8,True,5.7,hold_expired
6446,秧訊,2024-11-25,524.22,36.3,-0.51,38,20.1,17.21,552.68,True,-4.974,stop_loss
6446,秧訊,2025-03-24,503.54,31.3,-0.36,38,20.2,15.54,533.62,True,-7.5,stop_loss
6446,秧訊,2025-04-11,445.09,36.1,-7.65,43,27.8,25.27,484.14,True,-2.424,hold_expired
6446,秧訊,2025-04-15,454.98,36.7,3.16,53,27.6,25.18,479.22,True,-3.063,hold_expired
6446,秧訊,2025-04-17,445.09,37.5,1.02,43,24.7,26.56,472.79,True,3.232,hold_expired
6550,長科,2022-05-26,103.5,32.4,-3.27,43,33.1,6.36,112.75,True,-12.367,hold_expired
6550,長科,2022-06-10,94.1,32.1,-8.64,38,20.8,4.17,102.03,True,15.303,take_profit
6550,長科,2022-10-20,105.5,39.6,12.71,58,80,8.84,128.59,True,-16.114,stop_loss
6550,長科,2022-10-28,86.3,36.5,-9.25,43,60.8,9.11,103.84,True,12.167,hold_expired
6550,長科,2022-11-01,92.3,45.0,13.39,53,48.9,8.22,100.59,True,6.717,hold_expired
6550,長科,2024-03-21,65.4,36.8,3.15,40,20.3,2.59,66.74,True,13.456,hold_expired
6550,長科,2024-08-14,58.0,34.3,0.69,40,32.6,2.5,62.91,True,1.207,hold_expired
6550,長科,2024-08-16,58.3,33.5,2.82,35,24.3,2.35,61.66,True,1.201,hold_expired
6550,長科,2024-08-20,60.2,42.4,4.15,35,18.8,2.5,60.58,True,-1.827,hold_expired
6550,長科,2024-12-27,46.05,36.9,6.84,45,21.2,1.22,47.67,True,6.189,hold_expired
6550,長科,2025-04-15,33.3,31.2,13.85,50,62.4,2.24,37.41,True,20.871,take_profit
6579,全景軟,2022-10-14,60.72,37.2,-2.71,38,23.9,2.0,64.42,True,2.086,hold_expired
6579,全景軟,2023-06-20,109.79,38.1,-2.26,63,19.9,5.97,107.75,False,-8.462,stop_loss
6579,全景軟,2023-08-24,147.52,39.1,-6.15,53,37.5,9.25,162.23,True,-9.524,stop_loss
6579,全景軟,2023-08-28,140.06,39.5,-8.33,53,29.8,7.75,156.48,True,-3.135,hold_expired
6579,全景軟,2023-08-30,138.3,41.0,-6.8,43,24.0,7.18,151.82,True,-3.492,hold_expired
6579,全景軟,2023-09-15,133.91,42.6,0.33,38,21.9,5.08,136.98,True,-2.623,hold_expired
6579,全景軟,2023-10-24,121.62,35.2,-2.81,38,23.1,4.86,128.42,True,-6.137,stop_loss
6579,全景軟,2023-10-26,115.91,33.0,-1.12,43,25.8,4.92,127.17,True,5.682,hold_expired
6579,全景軟,2023-11-01,115.03,31.8,-4.03,38,21.2,4.74,123.46,True,5.344,hold_expired
6579,全景軟,2023-12-07,128.64,41.4,-8.72,35,21.7,6.9,134.31,True,0.341,hold_expired
6579,全景軟,2024-07-31,144.45,34.4,-3.8,38,18.9,5.02,156.35,True,-10.638,stop_loss
6579,全景軟,2024-08-12,139.18,38.5,7.82,58,31.9,6.9,146.6,True,6.309,hold_expired
6579,全景軟,2024-11-19,117.05,34.7,2.95,40,25.7,3.19,123.91,True,-0.41,hold_expired
6579,全景軟,2025-04-11,112.74,31.8,-16.96,43,36.9,7.44,130.7,True,1.702,hold_expired
6579,全景軟,2025-04-15,121.37,40.3,8.12,53,38.0,8.16,128.97,True,-0.395,hold_expired
6579,全景軟,2025-04-17,120.89,40.9,8.62,53,29.2,8.53,126.84,True,1.19,hold_expired
6579,全景軟,2025-04-21,113.69,37.7,-1.66,38,24.7,8.53,124.46,True,6.751,hold_expired
6770,力旺,2022-03-10,49.99,31.4,-7.04,35,25.5,1.76,54.37,True,5.825,hold_expired
6770,力旺,2022-07-12,37.23,31.6,-1.67,35,36.5,1.73,41.91,True,8.996,hold_expired
6770,力旺,2022-07-14,37.86,32.9,-3.47,35,26.9,1.54,40.78,True,3.205,hold_expired
6770,力旺,2022-08-15,34.61,36.5,6.1,50,29.1,1.14,35.51,True,-4.33,hold_expired
6770,力旺,2022-09-13,31.72,37.3,4.75,40,19.6,1.14,33.04,True,-4.531,hold_expired
6770,力旺,2024-04-30,22.85,32.3,4.58,40,22.5,0.7,23.95,True,10.941,take_profit
6770,力旺,2024-08-12,22.0,41.3,5.01,45,27.3,0.95,23.14,True,-1.136,hold_expired
6770,力旺,2024-12-19,15.75,33.3,1.29,35,20.5,0.6,16.46,True,1.587,hold_expired
6770,力旺,2025-01-17,15.0,39.0,5.63,45,24.5,0.58,15.35,True,21.0,take_profit
6770,力旺,2025-02-19,18.9,36.4,9.88,80,28.5,1.08,17.51,False,-6.878,hold_expired
6770,力旺,2025-04-15,14.45,34.8,9.06,50,47.5,0.94,15.84,True,-3.114,hold_expired
6770,力旺,2025-04-17,14.1,36.8,7.63,50,39.6,0.92,15.46,True,0.355,hold_expired
6770,力旺,2025-04-21,13.8,36.8,-2.82,35,35.0,0.88,15.05,True,2.536,hold_expired
6770,力旺,2026-03-04,61.4,43.9,-16.69,43,19.8,5.78,66.2,True,4.723,hold_expired
6770,力旺,2026-04-13,54.5,35.0,1.87,48,46.7,4.46,61.87,True,4.587,hold_expired
6770,力旺,2026-04-15,53.2,30.3,-7.64,43,47.3,3.69,60.79,True,-0.564,hold_expired
6770,力旺,2026-04-17,52.6,37.4,-5.05,43,39.6,3.32,58.94,True,4.563,hold_expired
6789,安格,2022-03-15,436.83,34.2,-3.22,38,18.3,17.56,490.5,True,6.881,hold_expired
6789,安格,2022-06-29,354.41,32.1,0.97,40,27.9,12.5,380.25,True,-8.618,stop_loss
6789,安格,2022-07-05,315.14,36.2,-12.63,35,35.6,19.01,355.79,True,-17.538,stop_loss
6789,安格,2022-07-07,306.9,30.9,-5.24,35,36.3,17.9,346.51,True,-15.324,stop_loss
6789,安格,2022-07-11,287.02,30.7,-0.5,35,31.0,18.08,337.08,True,-9.459,stop_loss
6789,安格,2022-07-15,285.63,31.3,-5.89,35,43.9,21.43,316.45,True,16.239,hold_expired
6789,安格,2022-07-21,299.79,43.2,10.43,45,28.2,17.47,304.13,True,4.072,hold_expired
6789,安格,2023-05-10,208.98,31.4,-3.17,38,20.1,6.35,221.72,True,-5.14,stop_loss
6789,安格,2023-05-12,201.65,38.7,-6.98,38,20.8,6.63,217.86,True,1.695,hold_expired
6789,安格,2023-07-27,228.81,31.6,-4.71,38,18.6,7.28,244.56,True,-6.022,stop_loss
6789,安格,2023-08-07,216.51,31.2,-6.98,38,19.8,7.73,233.98,True,-5.455,stop_loss
6789,安格,2023-08-09,209.62,31.1,-6.58,38,22.6,7.59,230.04,True,-5.869,stop_loss
6789,安格,2023-08-23,204.7,34.2,3.74,48,19.9,6.08,210.78,True,3.846,hold_expired
6789,安格,2023-12-26,271.62,37.0,-0.54,48,22.3,11.18,288.01,True,0.362,hold_expired
6789,安格,2023-12-28,274.57,41.0,0.9,48,19.4,10.9,285.57,True,-3.763,hold_expired
6789,安格,2024-04-29,268.67,38.6,7.27,58,26.8,9.98,277.55,True,-3.663,hold_expired
6789,安格,2024-08-01,333.1,42.3,5.47,58,21.9,13.68,337.15,True,-9.926,stop_loss
6789,安格,2024-08-07,274.87,30.9,-14.96,43,34.9,17.48,321.55,True,5.206,hold_expired
6789,安格,2024-08-09,278.33,39.8,-7.24,43,38.2,17.38,312.62,True,6.738,hold_expired
6789,安格,2024-08-13,286.22,40.6,9.43,53,27.9,16.64,305.54,True,-0.517,hold_expired
6789,安格,2024-08-15,286.22,41.1,7.21,48,18.2,15.86,300.19,True,5.69,hold_expired
6789,安格,2025-03-05,275.86,31.9,-6.05,38,18.4,12.09,302.53,True,-8.229,stop_loss
6789,安格,2025-03-25,253.65,35.2,-0.96,38,18.4,7.05,264.11,True,-7.977,stop_loss
6789,安格,2025-04-02,224.54,30.7,-11.31,38,19.8,7.86,249.43,True,-9.89,stop_loss
6789,安格,2025-04-16,189.5,30.4,15.32,50,49.3,13.5,220.88,True,3.646,hold_expired
6789,安格,2025-04-18,191.47,39.8,2.65,40,48.4,13.71,214.76,True,5.412,hold_expired
6789,安格,2025-04-22,182.59,31.9,-8.42,35,44.6,12.02,207.61,True,11.351,hold_expired
6789,安格,2025-09-24,301.0,34.9,1.52,68,22.5,14.43,292.77,False,-7.807,stop_loss
6789,安格,2025-10-30,246.5,33.9,-0.2,38,18.7,7.46,257.12,True,-2.637,hold_expired
6789,安格,2026-03-19,344.0,43.1,-2.55,58,20.4,25.89,334.35,False,-4.506,hold_expired
8016,昇技,2022-01-17,196.53,32.9,-4.07,48,18.6,6.41,206.72,True,-4.075,hold_expired
8016,昇技,2022-07-08,126.12,35.5,0.53,40,39.3,5.89,139.87,True,-9.788,stop_loss
8016,昇技,2022-07-18,121.67,36.3,-1.98,35,28.7,5.52,128.17,True,14.189,take_profit
8016,昇技,2024-08-12,215.06,38.8,2.47,35,19.7,9.8,226.88,True,0.219,hold_expired
8016,昇技,2025-04-11,175.92,32.5,-3.62,35,34.3,8.66,189.19,True,2.681,hold_expired
8016,昇技,2025-04-15,187.71,41.7,18.1,55,27.7,9.3,187.54,False,0.251,hold_expired
8016,昇技,2025-04-17,183.46,44.6,8.96,40,19.9,9.67,185.94,True,7.455,hold_expired
8016,昇技,2025-11-20,179.0,34.8,-2.19,43,25.3,5.11,189.65,True,0.838,hold_expired
8028,敦泰,2022-01-25,41.7,31.2,-4.78,38,20.8,1.59,45.1,True,2.968,hold_expired
8028,敦泰,2022-07-06,46.01,39.1,-18.95,38,21.4,3.5,54.61,True,23.377,take_profit
8028,敦泰,2022-07-08,48.06,41.2,-5.22,33,24.9,3.43,53.6,True,29.84,take_profit
8028,敦泰,2022-07-12,50.7,43.8,1.71,38,18.8,3.36,53.01,True,23.064,take_profit
8028,敦泰,2022-08-03,58.09,33.6,-2.01,63,21.3,3.07,56.9,False,8.202,hold_expired
8028,敦泰,2022-09-23,55.25,31.5,-5.63,38,18.4,2.01,60.42,True,-6.799,stop_loss
8028,敦泰,2022-10-14,44.85,33.3,-11.48,43,39.3,2.74,51.14,True,4.392,hold_expired
8028,敦泰,2022-10-18,45.72,40.6,-0.4,38,34.2,2.58,49.82,True,5.21,hold_expired
8028,敦泰,2022-10-20,46.55,44.5,9.01,48,19.6,2.48,48.71,True,-1.969,hold_expired
8028,敦泰,2023-08-22,52.38,32.9,0.73,43,19.3,1.36,54.87,True,1.441,hold_expired
8028,敦泰,2024-07-23,112.8,44.0,0.0,63,33.1,9.43,106.46,False,-12.751,hold_expired
8028,敦泰,2024-08-08,105.41,44.5,-8.55,43,20.5,10.32,111.9,True,20.093,hold_expired
8028,敦泰,2024-09-03,126.1,43.5,-5.54,58,24.6,8.62,123.56,False,-10.938,stop_loss
8028,敦泰,2024-09-13,123.63,37.9,5.91,63,18.8,6.37,124.64,True,3.984,hold_expired
8028,敦泰,2025-01-17,119.69,31.2,-5.45,38,18.5,6.37,131.12,True,0.0,hold_expired
8028,敦泰,2025-02-03,120.68,30.0,-4.3,38,19.6,6.19,128.78,True,-0.816,hold_expired
8028,敦泰,2025-02-05,117.23,38.1,-5.18,43,25.9,6.09,126.93,True,18.067,hold_expired
8028,敦泰,2025-03-20,141.86,39.2,4.35,63,34.7,7.14,149.57,True,-7.986,stop_loss
8028,敦泰,2025-03-26,138.9,44.3,0.36,48,18.8,6.05,142.7,True,-9.929,stop_loss
8028,敦泰,2025-04-01,120.19,35.4,-9.29,38,20.1,7.0,135.73,True,-17.213,stop_loss
8028,敦泰,2025-04-11,102.45,32.2,-16.13,43,52.4,8.68,124.09,True,2.885,hold_expired
8028,敦泰,2025-04-15,106.89,30.6,7.43,50,53.1,8.82,120.94,True,10.599,hold_expired
8028,敦泰,2025-04-17,103.93,35.2,5.61,50,47.5,8.54,117.57,True,15.166,hold_expired
8028,敦泰,2025-04-21,100.48,33.4,-1.92,35,42.7,7.98,113.8,True,27.941,hold_expired
8028,敦泰,2025-11-26,156.5,43.5,7.19,48,22.5,5.39,160.2,True,1.597,hold_expired
8028,敦泰,2026-01-29,174.5,30.0,0.0,48,19.7,6.93,185.22,True,-6.017,stop_loss
8028,敦泰,2026-02-04,168.0,30.6,-5.88,38,19.7,6.32,179.38,True,6.845,hold_expired
8028,敦泰,2026-02-06,163.0,33.8,-3.83,38,20.9,5.86,176.65,True,12.27,take_profit
8046,力成,2022-01-17,460.39,35.3,2.13,43,18.0,16.26,484.93,True,-7.102,stop_loss
8046,力成,2022-02-07,416.79,40.3,-9.13,38,31.3,19.71,460.24,True,10.46,hold_expired
8046,力成,2022-04-27,356.63,31.1,-10.8,35,36.6,18.65,409.01,True,-3.423,hold_expired
8046,力成,2022-05-04,347.47,30.8,-1.85,35,29.6,16.5,386.69,True,-0.125,hold_expired
8046,力成,2022-05-06,350.09,32.7,1.65,35,21.3,16.97,377.73,True,1.494,hold_expired
8046,力成,2022-07-06,219.46,33.0,-11.15,35,47.5,16.24,263.01,True,4.321,hold_expired
8046,力成,2022-07-08,236.62,40.9,7.38,45,37.2,16.63,254.06,True,-3.435,hold_expired
8046,力成,2022-07-12,215.4,36.5,-3.44,35,31.2,15.76,246.06,True,18.239,hold_expired
8046,力成,2022-07-14,223.08,32.6,-1.79,35,25.0,16.2,240.0,True,10.121,hold_expired
8046,力成,2022-10-05,181.08,33.6,7.22,50,36.6,8.68,192.46,True,-11.222,stop_loss
8046,力成,2022-10-07,184.24,41.3,7.94,40,24.3,8.71,189.16,True,-8.088,stop_loss
8046,力成,2023-07-12,244.87,32.5,-2.68,38,19.5,6.63,255.98,True,8.251,take_profit
8046,力成,2024-04-24,187.14,39.7,7.16,45,20.4,5.91,187.98,True,-6.17,stop_loss
8046,力成,2024-04-26,180.88,37.7,9.62,45,18.9,6.22,186.54,True,0.532,hold_expired
8046,力成,2024-08-16,147.2,35.3,4.95,45,34.8,8.39,157.83,True,-1.01,hold_expired
8046,力成,2024-08-20,147.2,41.4,2.41,35,29.6,7.43,153.99,True,-1.01,hold_expired
8046,力成,2024-09-13,132.82,35.1,5.1,50,27.6,5.31,137.93,True,3.731,hold_expired
8046,力成,2024-09-18,131.83,31.6,9.02,45,22.6,5.31,136.42,True,7.143,hold_expired
8046,力成,2024-12-17,108.04,33.3,-2.68,35,26.1,3.93,115.26,True,11.927,take_profit
8046,力成,2025-04-17,88.02,31.8,5.46,50,64.8,6.89,103.71,True,9.91,hold_expired
8046,力成,2025-04-21,84.55,33.4,-3.72,35,57.4,6.34,99.48,True,15.826,hold_expired
8046,力成,2025-11-24,247.0,38.4,-9.36,48,18.4,15.61,275.77,True,8.907,hold_expired
8046,力成,2026-01-05,241.5,42.7,-2.03,38,25.5,9.18,252.75,True,8.282,hold_expired
8081,致茂,2022-02-07,171.1,30.8,-3.59,38,20.3,5.01,183.09,True,13.816,hold_expired
8081,致茂,2022-07-08,123.93,40.0,6.38,45,36.2,6.13,132.45,True,-7.667,stop_loss
8081,致茂,2022-07-12,106.58,30.8,-11.03,35,34.1,6.53,128.21,True,17.829,hold_expired
8081,致茂,2022-07-14,116.08,38.3,-1.4,35,27.8,6.83,124.64,True,6.762,hold_expired
8081,致茂,2022-07-18,119.38,44.9,4.33,40,25.3,6.61,122.46,True,2.422,hold_expired
8081,致茂,2022-10-05,103.27,39.4,7.76,45,20.4,3.84,106.91,True,-9.2,stop_loss
8081,致茂,2024-08-12,218.67,35.0,7.08,58,32.7,9.89,234.73,True,-3.838,hold_expired
8081,致茂,2024-08-14,211.21,34.5,-2.79,43,25.9,9.62,230.46,True,0.442,hold_expired
8081,致茂,2024-08-16,209.81,34.9,-2.17,38,21.2,9.16,225.24,True,1.778,hold_expired
8081,致茂,2024-08-20,210.28,37.4,-4.25,38,20.7,8.33,221.07,True,1.33,hold_expired
8081,致茂,2025-04-11,191.16,31.4,-13.87,43,35.4,10.32,216.94,True,0.732,hold_expired
8081,致茂,2025-04-15,201.42,36.6,10.77,58,36.1,10.92,214.12,True,-1.62,hold_expired
8081,致茂,2025-04-17,200.95,40.5,8.84,53,30.4,11.52,211.14,True,1.16,hold_expired
8081,致茂,2025-04-21,194.42,39.6,0.0,43,27.1,11.42,207.48,True,5.995,hold_expired
8131,立端,2025-04-15,24.77,31.9,6.97,50,34.4,1.04,26.91,True,0.0,hold_expired
8131,立端,2025-04-17,24.34,32.6,0.2,40,30.6,1.05,26.39,True,2.729,hold_expired
8131,立端,2025-04-21,24.39,35.3,1.58,40,27.6,1.05,25.92,True,3.502,hold_expired
8131,立端,2026-02-25,70.5,36.7,7.14,63,18.1,4.59,72.19,True,-13.901,stop_loss
8131,立端,2026-03-04,60.7,31.7,-14.51,43,26.2,4.34,71.11,True,4.119,hold_expired
8150,合新,2022-07-18,30.22,42.4,3.24,40,38.4,1.32,31.65,True,1.143,hold_expired
8150,合新,2022-10-05,26.73,37.4,5.81,45,19.3,0.73,27.46,True,-4.685,stop_loss
8150,合新,2024-08-12,37.23,41.3,7.75,40,22.3,1.39,38.33,True,-4.108,hold_expired
8150,合新,2025-04-11,24.52,33.6,-12.01,35,40.8,1.31,27.54,True,-3.704,hold_expired
8150,合新,2025-04-15,24.85,34.2,9.94,50,39.7,1.42,27.06,True,-1.538,hold_expired
8150,合新,2025-04-17,24.28,34.9,8.55,50,33.0,1.46,26.51,True,3.74,hold_expired
8150,合新,2025-04-21,23.75,35.3,-1.78,35,32.9,1.47,25.94,True,6.036,hold_expired
8150,合新,2025-12-02,43.85,32.5,-1.13,68,28.4,3.09,42.05,False,4.105,hold_expired
8261,富鼎,2022-05-04,84.36,44.7,5.82,40,21.3,3.12,84.46,True,7.5,hold_expired
8261,富鼎,2022-07-14,91.54,33.8,3.0,53,32.1,5.6,97.15,True,8.738,hold_expired
8261,富鼎,2024-08-12,70.62,37.4,6.36,50,28.8,3.16,75.06,True,3.804,hold_expired
8261,富鼎,2025-01-21,77.82,30.4,-1.1,38,24.9,2.18,83.24,True,11.961,take_profit
8261,富鼎,2025-04-15,68.99,30.3,7.31,50,44.7,4.79,76.82,True,-2.782,hold_expired
8261,富鼎,2025-04-17,67.17,31.3,5.58,50,45.3,4.35,75.34,True,5.143,hold_expired
8261,富鼎,2025-04-21,66.21,32.6,0.58,40,45.2,4.55,73.86,True,6.812,hold_expired
8261,富鼎,2025-11-20,91.0,33.3,-5.41,38,18.5,3.19,97.11,True,0.22,hold_expired
8261,富鼎,2025-11-26,90.8,35.2,2.48,43,20.1,2.67,94.56,True,-1.101,hold_expired
8454,M31,2022-02-21,678.82,43.7,0.45,35,54.5,40.66,766.19,True,-9.865,stop_loss
8454,M31,2022-02-23,611.85,38.5,-9.87,35,43.7,36.14,729.96,True,-9.95,hold_expired
8454,M31,2022-02-25,598.46,37.0,-12.62,35,30.6,31.88,696.42,True,-9.359,stop_loss
8454,M31,2022-03-14,546.71,35.1,-0.77,35,39.6,32.96,612.77,True,3.675,hold_expired
8454,M31,2022-03-16,529.66,36.9,-4.19,35,35.3,30.79,596.08,True,4.598,hold_expired
8454,M31,2022-03-18,536.97,36.2,1.61,40,26.7,30.48,581.29,True,10.204,hold_expired
8454,M31,2022-03-22,538.19,41.6,5.62,40,22.2,27.44,567.11,True,6.448,hold_expired
8454,M31,2022-05-04,468.17,31.1,-16.77,35,28.0,30.01,559.01,True,-3.771,hold_expired
8454,M31,2022-10-05,425.12,35.5,6.54,58,33.5,16.62,448.09,True,-7.368,stop_loss
8454,M31,2022-10-07,410.2,34.4,3.0,43,24.6,17.05,439.44,True,-10.636,stop_loss
8454,M31,2022-10-12,387.83,31.2,-6.31,38,22.0,18.06,428.06,True,-7.596,stop_loss
8454,M31,2022-10-14,375.89,33.4,-10.8,43,26.1,18.17,417.34,True,-8.829,stop_loss
8454,M31,2022-10-18,384.1,40.7,-2.46,33,23.6,18.41,408.99,True,-10.777,stop_loss
8454,M31,2022-10-26,357.99,30.4,-4.38,35,27.8,18.57,383.63,True,-8.542,stop_loss
8454,M31,2023-05-23,529.53,36.3,-0.84,38,21.8,14.7,560.71,True,-2.113,hold_expired
8454,M31,2025-04-15,292.63,32.6,0.94,35,23.4,13.93,316.62,True,0.779,hold_expired
8464,億光,2022-03-18,267.42,35.0,-0.62,35,25.2,11.04,282.95,True,2.181,hold_expired
8464,億光,2022-10-05,225.39,38.6,1.96,35,18.4,8.14,233.65,True,-8.269,stop_loss
8464,億光,2024-09-05,430.1,42.4,-2.1,58,18.2,18.06,417.55,False,3.004,hold_expired
8464,億光,2024-11-19,387.18,32.9,-1.29,43,29.1,17.47,423.71,True,-3.576,hold_expired
8464,億光,2024-11-25,390.87,43.7,2.17,43,26.4,16.25,408.87,True,-3.66,hold_expired
8464,億光,2024-11-27,373.8,31.1,-0.98,38,24.1,13.91,401.93,True,-1.111,hold_expired
8464,億光,2024-11-29,369.18,36.7,-4.65,38,20.3,12.56,395.19,True,-1.25,hold_expired
8464,億光,2025-04-11,329.63,37.9,-13.13,35,30.6,19.92,363.23,True,-1.163,hold_expired
8464,億光,2025-04-15,349.75,40.5,11.62,45,25.7,21.36,359.83,True,0.137,hold_expired
8464,億光,2025-04-17,334.9,41.3,8.04,40,20.6,22.07,355.39,True,11.016,hold_expired
8464,億光,2025-10-16,383.77,30.5,-6.21,38,21.0,14.44,412.4,True,-5.868,hold_expired
8464,億光,2025-10-20,380.42,33.9,-1.49,38,20.0,14.03,406.69,True,-5.793,stop_loss
9914,美利肯,2022-03-24,220.41,39.7,1.01,43,19.6,9.68,234.34,True,-8.982,stop_loss
9914,美利肯,2022-07-20,199.74,31.2,-1.94,35,30.9,9.24,216.26,True,1.322,hold_expired
9914,美利肯,2022-07-22,204.57,38.2,6.9,45,20.4,9.08,213.31,True,-1.505,hold_expired
9914,美利肯,2023-10-02,170.04,40.0,-1.9,38,21.4,4.91,178.57,True,-0.277,hold_expired
9914,美利肯,2024-11-27,152.6,38.8,2.6,35,19.0,5.55,159.17,True,1.582,hold_expired
9914,美利肯,2025-04-15,128.94,32.9,5.95,50,50.2,8.24,145.35,True,-0.375,hold_expired
9914,美利肯,2025-04-17,127.0,33.3,5.62,50,40.5,8.04,141.47,True,3.042,hold_expired
9914,美利肯,2025-04-21,122.66,30.1,-3.05,35,34.9,7.93,137.27,True,3.937,hold_expired
9914,美利肯,2025-04-23,122.18,38.4,-4.53,35,33.3,7.69,133.5,True,2.767,hold_expired
9914,美利肯,2025-06-30,99.48,36.4,5.64,45,19.2,3.6,103.95,True,-0.485,hold_expired
9914,美利肯,2025-08-12,107.5,37.4,-6.07,55,21.3,5.39,106.67,False,1.86,hold_expired
9914,美利肯,2026-04-17,60.9,34.0,2.53,35,19.0,2.01,64.07,True,-5.583,stop_loss
9921,巨大,2024-11-29,148.83,38.0,0.66,40,25.8,4.48,156.76,True,-0.987,hold_expired
9921,巨大,2025-04-11,120.92,31.6,-13.94,35,44.7,7.1,140.19,True,3.239,hold_expired
9921,巨大,2025-04-15,130.72,40.4,14.1,45,42.8,7.41,137.59,True,-4.12,hold_expired
9921,巨大,2025-04-17,128.76,42.2,13.36,45,30.1,7.73,135.37,True,-0.76,hold_expired
9921,巨大,2025-06-26,105.75,31.0,1.41,35,19.8,3.74,109.57,True,2.315,hold_expired
9921,巨大,2025-08-26,103.0,38.6,1.64,35,18.5,3.43,106.81,True,0.485,hold_expired
9921,巨大,2026-03-16,74.8,32.7,-0.27,35,30.2,3.06,80.43,True,-6.283,stop_loss
2897,王道銀,2022-05-20,7.27,30.1,0.23,43,19.3,0.21,7.66,True,2.317,hold_expired
